epoch,train_loss,tokens
1,12.11508186,1186374
2,5.00612361,1182160
3,4.43587012,1183745
4,4.06083730,1184454
5,3.76655014,1183312
6,3.55040753,1184326
7,3.37501315,1183558
8,3.24154359,1180939
9,3.11506828,1181461
10,3.01064328,1182195
11,2.91891523,1185926
12,2.83159645,1183338
13,2.75780897,1189963
14,2.68860257,1186837
15,2.63068786,1181643
16,2.57308363,1182111
17,2.52428524,1185109
18,2.48170325,1186537
19,2.44278219,1182303
20,2.40871965,1187364
