epoch,train_loss,tokens
1,12.57830006,1186374
2,5.74516199,1182160
3,5.32431669,1183745
4,5.13986833,1184454
5,4.99710618,1183312
6,4.90052500,1184326
7,4.82583667,1183558
8,4.76878947,1180939
9,4.71589198,1181461
10,4.67269225,1182195
11,4.63572083,1185926
12,4.60335221,1183338
13,4.57447553,1189963
14,4.54653311,1186837
15,4.52218256,1181643
16,4.49877342,1182111
17,4.47755342,1185109
18,4.45887182,1186537
19,4.43913035,1182303
20,4.42372108,1187364
