epoch,train_loss,tokens
1,12.03707817,1186374
2,4.46340506,1182160
3,3.79506724,1183745
4,3.42138673,1184454
5,3.12192252,1183312
6,2.90586481,1184326
7,2.73749300,1183558
8,2.60690764,1180939
9,2.47893364,1181461
10,2.37779775,1182195
11,2.28536855,1185926
12,2.19167090,1183338
13,2.11186024,1189963
14,2.03622369,1186837
15,1.97321614,1181643
16,1.91217181,1182111
17,1.86035400,1185109
18,1.80992606,1186537
19,1.76729101,1182303
20,1.73184542,1187364
