epoch,train_loss,tokens
1,12.68480626,1186374
2,5.24784672,1182160
3,4.69618964,1183745
4,4.38208593,1184454
5,4.12834715,1183312
6,3.93732789,1184326
7,3.78306793,1183558
8,3.65974777,1180939
9,3.54605355,1181461
10,3.45657991,1182195
11,3.38441972,1185926
12,3.31694465,1183338
13,3.25817001,1189963
14,3.20666653,1186837
15,3.16202648,1181643
16,3.11950727,1182111
17,3.08376096,1185109
18,3.04762767,1186537
19,3.01651444,1182303
20,2.99197158,1187364
