epoch,train_loss,tokens
1,12.79006379,1186374
2,5.51099987,1182160
3,4.95418354,1183745
4,4.65046293,1184454
5,4.40510682,1183312
6,4.22842463,1184326
7,4.08998353,1183558
8,3.98028055,1180939
9,3.88202843,1181461
10,3.80804535,1182195
11,3.74318430,1185926
12,3.68397053,1183338
13,3.63257261,1189963
14,3.58437526,1186837
15,3.54401167,1181643
16,3.50249502,1182111
17,3.46990278,1185109
18,3.43853978,1186537
19,3.40912876,1182303
20,3.38215566,1187364
