epoch,train_loss,tokens
1,13.74795333,1186374
2,5.70773952,1182160
3,5.11942414,1183745
4,4.84974754,1184454
5,4.61950402,1183312
6,4.45818409,1184326
7,4.32982492,1183558
8,4.22823578,1180939
9,4.13637062,1181461
10,4.06217741,1182195
11,4.00110198,1185926
12,3.94364064,1183338
13,3.89214190,1189963
14,3.84691753,1186837
15,3.80613154,1181643
16,3.76463383,1182111
17,3.73013894,1185109
18,3.69884653,1186537
19,3.66700550,1182303
20,3.64089059,1187364
