epoch,train_loss,tokens
1,12.66517837,1186374
2,5.24746463,1182160
3,4.68830899,1183745
4,4.37300837,1184454
5,4.11483422,1183312
6,3.91971521,1184326
7,3.75909656,1183558
8,3.62725255,1180939
9,3.50860687,1181461
10,3.41196356,1182195
11,3.33043138,1185926
12,3.25646188,1183338
13,3.19529382,1189963
14,3.13916235,1186837
15,3.09290406,1181643
16,3.04710792,1182111
17,3.00979356,1185109
18,2.97481309,1186537
19,2.94314233,1182303
20,2.91510015,1187364
